cluster,gene_prs
Acniar cell ,31.159809641810437
Alpha cell,69.6220666369297
Beta cell,14.352346679847187
Delta cell,52.57247725467203
EndoMT cell,22.49609945956321
Endothelial cell,58.43857253256043
Fibroblast,102.25769606067962
Glial cell,27.048762551365254
Macrophage,128.6162629944716
PP cell,8.28433055923071
Perivascular cell,60.96191918354395
TFF1+ ductal cell,40.78739246639517
TUBA1A+ ductal cell,37.64556060815976
